,Operación,Precio,Cantidad,Budget,Crypto,Ganancia/Pérdida Acumulada,Rendimiento
0,Compra,195.6479949951172,5.111220281224743,0.0,5.111220281224743,0.0,0.0
1,Venta,195.54449462890625,5.111220281224743,999.4709868291085,0.0,-0.5290131708915169,-0.0005290131708915169
2,Compra,195.39300537109375,5.115183038056537,0.0,5.115183038056537,-0.5290131708915169,-0.0005290131708915169
3,Venta,194.47999572753906,5.115183038056537,994.8007753868155,0.0,-5.1992246131844695,-0.00519922461318447
4,Compra,195.9550018310547,5.076679676921422,0.0,5.076679676921422,-5.1992246131844695,-0.00519922461318447
5,Venta,196.36000061035156,5.076679676921422,996.8568244588499,0.0,-3.143175541149958,-0.003143175541149958
6,Compra,195.8699951171875,5.089379942356349,0.0,5.089379942356349,-3.143175541149958,-0.003143175541149958
7,Venta,196.4394989013672,5.089379942356349,999.7552455951501,0.0,-0.24475440484991395,-0.000244754404849914
8,Compra,196.89999389648438,5.077477280780152,0.0,5.077477280780152,-0.24475440484991395,-0.000244754404849914
9,Venta,195.6199951171875,5.077477280780152,993.2560808738438,0.0,-6.743919126156129,-0.006743919126156129
10,Compra,195.55419921875,5.0791856418423,0.0,5.0791856418423,-6.743919126156129,-0.006743919126156129
11,Venta,195.88839721679688,5.0791856418423,994.9535345470558,0.0,-5.046465452944062,-0.0050464654529440624
12,Compra,200.89999389648438,4.952481656419139,0.0,4.952481656419139,-5.046465452944062,-0.0050464654529440624
13,Venta,204.40989685058594,4.952481656419139,1012.3362645430552,0.0,12.336264543055222,0.012336264543055222
14,Compra,204.22500610351562,4.9569652799027555,0.0,4.9569652799027555,12.336264543055222,0.012336264543055222
15,Venta,205.0399932861328,4.9569652799027555,1016.3761277108545,0.0,16.376127710854462,0.016376127710854463
16,Compra,205.0800018310547,4.95599823793715,0.0,4.95599823793715,16.376127710854462,0.016376127710854463
17,Venta,205.72999572753906,4.95599823793715,1019.5974963165011,0.0,19.59749631650095,0.019597496316500953
18,Compra,207.13999938964844,4.92226271758623,0.0,4.92226271758623,19.59749631650095,0.019597496316500953
19,Venta,215.23500061035156,4.92226271758623,1059.443219023983,0.0,59.443219023982806,0.05944321902398281
20,Compra,217.58009338378906,4.869210241376417,0.0,4.869210241376417,59.443219023982806,0.05944321902398281
21,Venta,215.35000610351562,4.869210241376417,1048.5844551997122,0.0,48.584455199712124,0.04858445519971213
22,Compra,216.92999267578125,4.833745865500965,0.0,4.833745865500965,48.584455199712124,0.04858445519971213
23,Venta,218.960205078125,4.833745865500965,1058.39798600563,0.0,58.39798600562983,0.05839798600562983
24,Compra,217.72999572753906,4.861057303882365,0.0,4.861057303882365,58.39798600562983,0.05839798600562983
25,Venta,213.1116943359375,4.861057303882365,1035.948158294455,0.0,35.948158294454856,0.03594815829445486
26,Compra,213.85020446777344,4.84427013232325,0.0,4.84427013232325,35.948158294454856,0.03594815829445486
27,Venta,213.44500732421875,4.84427013232325,1033.9852738742302,0.0,33.985273874230074,0.033985273874230074
28,Compra,212.10000610351562,4.87498936407193,0.0,4.87498936407193,33.985273874230074,0.033985273874230074
29,Venta,213.60000610351562,4.87498936407193,1041.297757920338,0.0,41.29775792033786,0.04129775792033786
30,Compra,213.19000244140625,4.88436486699948,0.0,4.88436486699948,41.29775792033786,0.04129775792033786
31,Venta,214.33999633789062,4.88436486699948,1046.9147477055901,0.0,46.91474770559,0.04691474770559
32,Compra,214.1300048828125,4.889154830396319,0.0,4.889154830396319,46.91474770559,0.04691474770559
33,Venta,213.38999938964844,4.889154830396319,1043.2967462741674,0.0,43.296746274167276,0.043296746274167276
34,Compra,213.59500122070312,4.884462371833091,0.0,4.884462371833091,43.296746274167276,0.043296746274167276
35,Venta,211.75,4.884462371833091,1034.2849072356569,0.0,34.28490723565676,0.03428490723565676
36,Compra,211.77999877929688,4.883770484452218,0.0,4.883770484452218,34.28490723565676,0.03428490723565676
37,Venta,212.22500610351562,4.883770484452218,1036.4582208710415,0.0,36.45822087104136,0.036458220871041364
38,Compra,216.09140014648438,4.796388103221348,0.0,4.796388103221348,36.45822087104136,0.036458220871041364
39,Venta,216.3314971923828,4.796388103221348,1037.6098194856074,0.0,37.60981948560732,0.03760981948560732
40,Compra,216.5399932861328,4.791769888505191,0.0,4.791769888505191,37.60981948560732,0.03760981948560732
41,Venta,217.82000732421875,4.791769888505191,1043.7433522101715,0.0,43.74335221017134,0.04374335221017134
42,Compra,218.35000610351562,4.780138873526536,0.0,4.780138873526536,43.74335221017134,0.04374335221017134
43,Venta,218.15499877929688,4.780138873526536,1042.8111901190512,0.0,42.81119011905105,0.042811190119051046
44,Compra,216.7100067138672,4.81201217208177,0.0,4.81201217208177,42.81119011905105,0.042811190119051046
45,Venta,215.30999755859375,4.81201217208177,1036.0743290228493,0.0,36.074329022849156,0.036074329022849155
46,Compra,214.36000061035156,4.833337964512101,0.0,4.833337964512101,36.074329022849156,0.036074329022849155
47,Venta,213.22000122070312,4.833337964512101,1030.564326693341,0.0,30.56432669334083,0.030564326693340832
48,Compra,210.66000366210938,4.892073999705834,0.0,4.892073999705834,30.56432669334083,0.030564326693340832
49,Venta,210.14010620117188,4.892073999705834,1028.0209498421755,0.0,28.020949842175355,0.028020949842175354
50,Compra,209.0760040283203,4.916972440811167,0.0,4.916972440811167,28.020949842175355,0.028020949842175354
51,Venta,212.36000061035156,4.916972440811167,1044.1682705317412,0.0,44.168270531741086,0.044168270531741084
52,Compra,213.2100067138672,4.89736990596806,0.0,4.89736990596806,44.168270531741086,0.044168270531741084
53,Venta,214.34500122070312,4.89736990596806,1049.7267584729586,0.0,49.72675847295852,0.04972675847295852
54,Compra,213.55999755859375,4.915371654211358,0.0,4.915371654211358,49.72675847295852,0.04972675847295852
55,Venta,214.35000610351562,4.915371654211358,1053.6099440812523,0.0,53.60994408125214,0.05360994408125214
56,Compra,213.26199340820312,4.940448728079483,0.0,4.940448728079483,53.60994408125214,0.05360994408125214
57,Venta,213.1199951171875,4.940448728079483,1052.9084088050147,0.0,52.908408805014574,0.05290840880501457
58,Compra,213.80999755859375,4.924505031699789,0.0,4.924505031699789,52.908408805014574,0.05290840880501457
59,Venta,212.9705047607422,4.924505031699789,1048.7743222979188,0.0,48.77432229791873,0.048774322297918726
60,Compra,213.85499572753906,4.904137585049006,0.0,4.904137585049006,48.77432229791873,0.048774322297918726
61,Venta,214.0,4.904137585049006,1049.4854432004872,0.0,49.48544320048711,0.04948544320048711
62,Compra,213.4199981689453,4.917465336916106,0.0,4.917465336916106,49.48544320048711,0.04948544320048711
63,Venta,213.8289031982422,4.917465336916106,1051.4962195081453,0.0,51.496219508145145,0.05149621950814515
64,Compra,214.11000061035156,4.911009371401163,0.0,4.911009371401163,51.496219508145145,0.05149621950814515
65,Venta,214.63999938964844,4.911009371401163,1054.0990484801034,0.0,54.099048480103306,0.05409904848010331
66,Compra,214.33999633789062,4.917883113230984,0.0,4.917883113230984,54.099048480103306,0.05409904848010331
67,Venta,213.83999633789062,4.917883113230984,1051.6401069234878,0.0,51.64010692348768,0.05164010692348768
68,Compra,213.83009338378906,4.918110871494457,0.0,4.918110871494457,51.64010692348768,0.05164010692348768
69,Venta,213.2100067138672,4.918110871494457,1048.5904519308763,0.0,48.590451930876156,0.048590451930876154
70,Compra,213.05499267578125,4.92168917874917,0.0,4.92168917874917,48.590451930876156,0.048590451930876154
71,Venta,210.61000061035156,4.92168917874917,1036.5569609403233,0.0,36.556960940323165,0.036556960940323166
72,Compra,215.0133056640625,4.820896817240898,0.0,4.820896817240898,36.556960940323165,0.036556960940323166
73,Venta,216.5050048828125,4.820896817240898,1043.748288956276,0.0,43.748288956275815,0.04374828895627581
74,Compra,217.25430297851562,4.804269810294587,0.0,4.804269810294587,43.748288956275815,0.04374828895627581
75,Venta,215.93499755859375,4.804269810294587,1037.4099897567871,0.0,37.40998975678701,0.03740998975678701
76,Compra,215.53500366210938,4.81318566418621,0.0,4.81318566418621,37.40998975678701,0.03740998975678701
77,Venta,216.72999572753906,4.81318566418621,1043.1617084349296,0.0,43.16170843492944,0.04316170843492944
78,Compra,218.70989990234375,4.769613578995337,0.0,4.769613578995337,43.16170843492944,0.04316170843492944
79,Venta,219.51019287109375,4.769613578995337,1046.9787966458541,0.0,46.978796645854004,0.046978796645854005
80,Compra,219.1649932861328,4.777126040740282,0.0,4.777126040740282,46.978796645854004,0.046978796645854005
81,Venta,219.39999389648438,4.777126040740282,1048.1014241811545,0.0,48.10142418115436,0.04810142418115436
82,Compra,220.02999877929688,4.763447848002137,0.0,4.763447848002137,48.10142418115436,0.04810142418115436
83,Venta,219.6199951171875,4.763447848002137,1046.1483931192067,0.0,46.14839311920662,0.04614839311920662
84,Compra,220.3699951171875,4.7472360861236576,0.0,4.7472360861236576,46.14839311920662,0.04614839311920662
85,Venta,219.3800048828125,4.7472360861236576,1041.4486757536718,0.0,41.44867575367164,0.041448675753671636
86,Compra,220.11500549316406,4.7313842753260875,0.0,4.7313842753260875,41.44867575367164,0.041448675753671636
87,Venta,221.3000030517578,4.7313842753260875,1047.0553545687021,0.0,47.055354568702,0.047055354568702
88,Compra,225.17080688476562,4.650049307255658,0.0,4.650049307255658,47.055354568702,0.047055354568702
89,Venta,224.72000122070312,4.650049307255658,1044.9590860028213,0.0,44.95908600282121,0.04495908600282121
90,Compra,225.22000122070312,4.6397259583478085,0.0,4.6397259583478085,44.95908600282121,0.04495908600282121
91,Venta,225.35000610351562,4.6397259583478085,1045.5622730323184,0.0,45.56227303231833,0.04556227303231833
92,Compra,225.25,4.641785895814954,0.0,4.641785895814954,45.56227303231833,0.04556227303231833
93,Venta,225.4199981689453,4.641785895814954,1046.351368135243,0.0,46.35136813524298,0.04635136813524298
94,Compra,226.30999755859375,4.623531348253111,0.0,4.623531348253111,46.35136813524298,0.04635136813524298
95,Venta,225.1999969482422,4.623531348253111,1041.2192455167026,0.0,41.21924551670247,0.041219245516702474
96,Compra,226.50999450683594,4.596791624067958,0.0,4.596791624067958,41.21924551670247,0.041219245516702474
97,Venta,226.52000427246094,4.596791624067958,1041.2652583234865,0.0,41.265258323486364,0.04126525832348636
98,Compra,226.5998992919922,4.59517087861426,0.0,4.59517087861426,41.265258323486364,0.04126525832348636
99,Venta,227.3300018310547,4.59517087861426,1044.620204249389,0.0,44.62020424938885,0.044620204249388846
100,Compra,226.8249969482422,4.605401601692756,0.0,4.605401601692756,44.62020424938885,0.044620204249388846
101,Venta,227.8000030517578,4.605401601692756,1049.1104989201801,0.0,49.11049892018002,0.04911049892018002
102,Compra,228.52999877929688,4.590690519949462,0.0,4.590690519949462,49.11049892018002,0.04911049892018002
103,Venta,227.9149932861328,4.590690519949462,1046.2871990329952,0.0,46.28719903299509,0.046287199032995094
104,Compra,228.17999267578125,4.585359070107669,0.0,4.585359070107669,46.28719903299509,0.046287199032995094
105,Venta,228.00999450683594,4.585359070107669,1045.50769638712,0.0,45.507696387119836,0.045507696387119836
106,Compra,228.44000244140625,4.576727741260148,0.0,4.576727741260148,45.507696387119836,0.045507696387119836
107,Venta,228.36000061035156,4.576727741260148,1045.1415497875805,0.0,45.1415497875804,0.0451415497875804
108,Compra,228.6999969482422,4.569923759221168,0.0,4.569923759221168,45.1415497875804,0.0451415497875804
109,Venta,231.10000610351562,4.569923759221168,1056.109408648613,0.0,56.109408648612884,0.056109408648612885
110,Compra,230.9949951171875,4.57200125964994,0.0,4.57200125964994,56.109408648612884,0.056109408648612885
111,Venta,232.19500732421875,4.57200125964994,1061.595865970755,0.0,61.59586597075497,0.06159586597075497
112,Compra,231.55999755859375,4.584539113678863,0.0,4.584539113678863,61.59586597075497,0.06159586597075497
113,Venta,232.10000610351562,4.584539113678863,1064.0715562666703,0.0,64.0715562666702,0.0640715562666702
114,Compra,231.75999450683594,4.591265021950476,0.0,4.591265021950476,64.0715562666702,0.0640715562666702
115,Venta,232.91000366210938,4.591265021950476,1069.3515530762002,0.0,69.35155307620005,0.06935155307620004
116,Compra,228.89999389648438,4.671697604150195,0.0,4.671697604150195,69.35155307620005,0.06935155307620004
117,Venta,226.6199951171875,4.671697604150195,1058.7000882414936,0.0,58.70008824149352,0.05870008824149352
118,Compra,231.89990234375,4.565332186609379,0.0,4.565332186609379,58.70008824149352,0.05870008824149352
119,Venta,230.7100067138672,4.565332186609379,1053.267819423684,0.0,53.26781942368382,0.05326781942368382
120,Compra,231.90249633789062,4.541856323482751,0.0,4.541856323482751,53.26781942368382,0.05326781942368382
121,Venta,232.27000427246094,4.541856323482751,1054.9369876602423,0.0,54.93698766024215,0.05493698766024215
122,Compra,231.85989379882812,4.549889894177007,0.0,4.549889894177007,54.93698766024215,0.05493698766024215
123,Venta,230.57000732421875,4.549889894177007,1049.0681462247815,0.0,49.068146224781344,0.049068146224781346
124,Compra,234.79010009765625,4.468110647716588,0.0,4.468110647716588,49.068146224781344,0.049068146224781346
125,Venta,235.67999267578125,4.468110647716588,1053.0442847284257,0.0,53.04428472842562,0.05304428472842562
126,Compra,235.30799865722656,4.475174200356855,0.0,4.475174200356855,53.04428472842562,0.05304428472842562
127,Venta,234.69000244140625,4.475174200356855,1050.2786440074685,0.0,50.278644007468415,0.05027864400746841
128,Compra,234.2050018310547,4.484441561009418,0.0,4.484441561009418,50.278644007468415,0.05027864400746841
129,Venta,234.5800018310547,4.484441561009418,1051.960309592847,0.0,51.960309592846784,0.05196030959284678
130,Compra,234.4199981689453,4.487502422189699,0.0,4.487502422189699,51.960309592846784,0.05196030959284678
131,Venta,233.8300018310547,4.487502422189699,1049.3126995974797,0.0,49.312699597479536,0.04931269959747954
132,Compra,234.16000366210938,4.481178182383477,0.0,4.481178182383477,49.312699597479536,0.04931269959747954
133,Venta,232.94790649414062,4.481178182383477,1043.8810762134492,0.0,43.88107621344909,0.04388107621344909
134,Compra,233.5449981689453,4.469721400148809,0.0,4.469721400148809,43.88107621344909,0.04388107621344909
135,Venta,234.38999938964844,4.469721400148809,1047.6579962527778,0.0,47.65799625277771,0.04765799625277771
136,Compra,234.55990600585938,4.46648369745939,0.0,4.46648369745939,47.65799625277771,0.04765799625277771
137,Venta,234.80999755859375,4.46648369745939,1048.775026095938,0.0,48.77502609593796,0.04877502609593796
138,Compra,226.60890197753906,4.628128096220554,0.0,4.628128096220554,48.77502609593796,0.04877502609593796
139,Venta,225.639892578125,4.628128096220554,1044.290326469008,0.0,44.29032646900794,0.044290326469007935
140,Compra,224.72000122070312,4.647073339250228,0.0,4.647073339250228,44.29032646900794,0.044290326469007935
141,Venta,224.5399932861328,4.647073339250228,1043.453816395413,0.0,43.4538163954129,0.0434538163954129
142,Compra,225.07470703125,4.6360332094113845,0.0,4.6360332094113845,43.4538163954129,0.0434538163954129
143,Venta,225.00999450683594,4.6360332094113845,1043.1538069831647,0.0,43.1538069831646,0.0431538069831646
144,Compra,218.35000610351562,4.777438872562363,0.0,4.777438872562363,43.1538069831646,0.0431538069831646
145,Venta,218.58999633789062,4.777438872562363,1044.300345657903,0.0,44.300345657902994,0.044300345657902994
146,Compra,219.07000732421875,4.766970880282858,0.0,4.766970880282858,44.300345657902994,0.044300345657902994
147,Venta,217.2899932861328,4.766970880282858,1035.8150705718529,0.0,35.81507057185274,0.03581507057185274
148,Compra,218.7899932861328,4.734289055063032,0.0,4.734289055063032,35.81507057185274,0.03581507057185274
149,Venta,222.8300018310547,4.734289055063032,1054.9416388084376,0.0,54.94163880843746,0.05494163880843746
150,Compra,223.15499877929688,4.727394163604591,0.0,4.727394163604591,54.94163880843746,0.05494163880843746
151,Venta,222.3699951171875,4.727394163604591,1051.2306170777736,0.0,51.230617077773445,0.05123061707777345
152,Compra,222.60000610351562,4.722509381194357,0.0,4.722509381194357,51.230617077773445,0.05123061707777345
153,Venta,222.92999267578125,4.722509381194357,1052.7889817609662,0.0,52.78898176096607,0.05278898176096607
154,Compra,221.610107421875,4.750636123995877,0.0,4.750636123995877,52.78898176096607,0.05278898176096607
155,Venta,221.99000549316406,4.750636123995877,1054.5937392618682,0.0,54.59373926186811,0.054593739261868106
156,Compra,221.27999877929688,4.7658791805838385,0.0,4.7658791805838385,54.59373926186811,0.054593739261868106
157,Venta,220.5399932861328,4.7658791805838385,1051.06696248848,0.0,51.06696248847982,0.05106696248847982
158,Compra,219.32000732421875,4.792389783822583,0.0,4.792389783822583,51.06696248847982,0.05106696248847982
159,Venta,218.14999389648438,4.792389783822583,1045.4598020904705,0.0,45.45980209047036,0.04545980209047036
160,Compra,222.8300018310547,4.691737169589567,0.0,4.691737169589567,45.45980209047036,0.04545980209047036
161,Venta,224.6199951171875,4.691737169589567,1053.8579801243357,0.0,53.85798012433554,0.05385798012433554
162,Compra,224.63999938964844,4.691319368713007,0.0,4.691319368713007,53.85798012433554,0.05385798012433554
163,Venta,223.43499755859375,4.691319368713007,1048.2049316949742,0.0,48.20493169497411,0.048204931694974106
164,Compra,222.6199951171875,4.708494091661432,0.0,4.708494091661432,48.20493169497411,0.048204931694974106
165,Venta,219.8000030517578,4.708494091661432,1034.9270157163664,0.0,34.92701571636633,0.034927015716366326
166,Compra,212.2100067138672,4.876900160093806,0.0,4.876900160093806,34.92701571636633,0.034927015716366326
167,Venta,213.25,4.876900160093806,1039.998959140004,0.0,39.998959140003876,0.03999895914000388
168,Compra,213.89759826660156,4.862134813892353,0.0,4.862134813892353,39.998959140003876,0.03999895914000388
169,Venta,212.97999572753906,4.862134813892353,1035.5374518895123,0.0,35.537451889512226,0.035537451889512225
170,Compra,212.13009643554688,4.881614958413729,0.0,4.881614958413729,35.537451889512226,0.035537451889512225
171,Venta,213.33999633789062,4.881614958413729,1041.443717350977,0.0,41.443717350976954,0.041443717350976954
172,Compra,214.6999969482422,4.850692744080654,0.0,4.850692744080654,41.443717350976954,0.041443717350976954
173,Venta,215.13499450683594,4.850692744080654,1043.5537568521406,0.0,43.55375685214051,0.04355375685214051
174,Compra,214.5301055908203,4.864369753504629,0.0,4.864369753504629,43.55375685214051,0.04355375685214051
175,Venta,216.53500366210938,4.864369753504629,1053.306322388979,0.0,53.306322388978856,0.05330632238897886
176,Compra,215.27999877929688,4.892727277784961,0.0,4.892727277784961,53.306322388978856,0.05330632238897886
177,Venta,216.28500366210938,4.892727277784961,1058.2235371934228,0.0,58.22353719342266,0.05822353719342266
178,Compra,216.3000030517578,4.892387990120386,0.0,4.892387990120386,58.22353719342266,0.05822353719342266
179,Venta,218.4499969482422,4.892387990120386,1068.742141511415,0.0,68.74214151141484,0.06874214151141485
180,Compra,217.80999755859375,4.90676347959606,0.0,4.90676347959606,68.74214151141484,0.06874214151141485
181,Venta,217.97999572753906,4.90676347959606,1069.5762823183939,0.0,69.57628231839374,0.06957628231839373
182,Compra,217.24769592285156,4.923303226646045,0.0,4.923303226646045,69.57628231839374,0.06957628231839373
183,Venta,216.7449951171875,4.923303226646045,1067.1013338198304,0.0,67.1013338198303,0.0671013338198303
184,Compra,217.02999877929688,4.916837947849744,0.0,4.916837947849744,67.1013338198303,0.0671013338198303
185,Venta,217.5500030517578,4.916837947849744,1069.6581105597104,0.0,69.65811055971028,0.06965811055971029
186,Compra,221.0,4.840081948233983,0.0,4.840081948233983,69.65811055971028,0.06965811055971029
187,Venta,221.05499267578125,4.840081948233983,1069.9242796170442,0.0,69.92427961704414,0.06992427961704413
188,Compra,221.11050415039062,4.838866808830231,0.0,4.838866808830231,69.92427961704414,0.06992427961704413
189,Venta,221.69000244140625,4.838866808830231,1072.7283946632135,0.0,72.72839466321341,0.0727283946632134
190,Compra,221.21800231933594,4.849191220498829,0.0,4.849191220498829,72.72839466321341,0.0727283946632134
191,Venta,220.66000366210938,4.849191220498829,1070.0225524735404,0.0,70.02255247354026,0.07002255247354026
192,Compra,221.27000427246094,4.835822894258941,0.0,4.835822894258941,70.02255247354026,0.07002255247354026
193,Venta,221.1103973388672,4.835822894258941,1069.2507216099852,0.0,69.25072160998513,0.06925072160998513
194,Compra,222.55870056152344,4.804353722915474,0.0,4.804353722915474,69.25072160998513,0.06925072160998513
195,Venta,221.30499267578125,4.804353722915474,1063.2274654616713,0.0,63.22746546167116,0.06322746546167116
196,Compra,221.1750030517578,4.807177351831492,0.0,4.807177351831492,63.22746546167116,0.06322746546167116
197,Venta,221.5399932861328,4.807177351831492,1064.9820382499986,0.0,64.98203824999848,0.06498203824999849
198,Compra,221.16000366210938,4.815436881060508,0.0,4.815436881060508,64.98203824999848,0.06498203824999849
199,Venta,221.6199951171875,4.815436881060508,1067.1970980677545,0.0,67.19709806775438,0.06719709806775438
200,Compra,224.7899932861328,4.747529382721813,0.0,4.747529382721813,67.19709806775438,0.06719709806775438
201,Venta,224.0050048828125,4.747529382721813,1063.4703425578955,0.0,63.47034255789538,0.06347034255789538
202,Compra,224.9949951171875,4.726639994831851,0.0,4.726639994831851,63.47034255789538,0.06347034255789538
203,Venta,224.5449981689453,4.726639994831851,1061.3433689847816,0.0,61.34336898478148,0.06134336898478148
204,Compra,225.07000732421875,4.715614406391746,0.0,4.715614406391746,61.34336898478148,0.06134336898478148
205,Venta,225.05999755859375,4.715614406391746,1061.2961667897957,0.0,61.29616678979562,0.06129616678979562
206,Compra,224.7100067138672,4.722959080950895,0.0,4.722959080950895,61.29616678979562,0.06129616678979562
207,Venta,224.38999938964844,4.722959080950895,1059.784785291906,0.0,59.784785291905905,0.0597847852919059
208,Compra,224.91000366210938,4.712039340340148,0.0,4.712039340340148,59.784785291905905,0.0597847852919059
209,Venta,226.33999633789062,4.712039340340148,1066.5229670365857,0.0,66.52296703658556,0.06652296703658556
210,Compra,226.5500030517578,4.707671386757505,0.0,4.707671386757505,66.52296703658556,0.06652296703658556
211,Venta,225.99000549316406,4.707671386757505,1063.8866825533398,0.0,63.88668255333971,0.06388668255333971
212,Compra,225.9600067138672,4.708296384061176,0.0,4.708296384061176,63.88668255333971,0.06388668255333971
213,Venta,226.10000610351562,4.708296384061176,1064.5458411733923,0.0,64.5458411733922,0.06454584117339221
214,Compra,224.16000366210938,4.74904453864147,0.0,4.74904453864147,64.5458411733922,0.06454584117339221
215,Venta,224.43020629882812,4.74904453864147,1065.829045529628,0.0,65.82904552962793,0.06582904552962793
216,Compra,224.4250030517578,4.749154644252459,0.0,4.749154644252459,65.82904552962793,0.06582904552962793
217,Venta,224.02499389648438,4.749154644252459,1063.9293401921177,0.0,63.92934019211759,0.06392934019211759
218,Compra,224.63999938964844,4.736152702469889,0.0,4.736152702469889,63.92934019211759,0.06392934019211759
219,Venta,224.92999267578125,4.736152702469889,1065.3027926779337,0.0,65.30279267793355,0.06530279267793355
220,Compra,225.89999389648438,4.715815942722399,0.0,4.715815942722399,65.30279267793355,0.06530279267793355
221,Venta,226.66000366210938,4.715815942722399,1068.8868588472926,0.0,68.8868588472925,0.0688868588472925
222,Compra,226.2100067138672,4.725197060797255,0.0,4.725197060797255,68.8868588472925,0.0688868588472925
223,Venta,226.89999389648438,4.725197060797255,1072.147184254583,0.0,72.14718425458284,0.07214718425458284
224,Compra,226.7100067138672,4.729156863409871,0.0,4.729156863409871,72.14718425458284,0.07214718425458284
225,Venta,227.01499938964844,4.729156863409871,1073.5895424605437,0.0,73.58954246054361,0.07358954246054361
226,Compra,226.48500061035156,4.740223589055968,0.0,4.740223589055968,73.58954246054361,0.07358954246054361
227,Venta,226.49000549316406,4.740223589055968,1073.613266724112,0.0,73.6132667241119,0.07361326672411189
228,Compra,227.22500610351562,4.724890473696421,0.0,4.724890473696421,73.6132667241119,0.07361326672411189
229,Venta,226.49000549316406,4.724890473696421,1070.140469342101,0.0,70.1404693421008,0.0701404693421008
230,Compra,226.24000549316406,4.7301115777882865,0.0,4.7301115777882865,70.1404693421008,0.0701404693421008
231,Venta,226.00010681152344,4.7301115777882865,1069.0057218105765,0.0,69.00572181057635,0.06900572181057635
232,Compra,226.4499969482422,4.720714224848987,0.0,4.720714224848987,69.00572181057635,0.06900572181057635
233,Venta,225.77000427246094,4.720714224848987,1065.7956707132228,0.0,65.79567071322265,0.06579567071322265
234,Compra,226.39999389648438,4.707578177765017,0.0,4.707578177765017,65.79567071322265,0.06579567071322265
235,Venta,226.77000427246094,4.707578177765017,1067.5375234847168,0.0,67.53752348471664,0.06753752348471664
236,Compra,226.17999267578125,4.71985833430892,0.0,4.71985833430892,67.53752348471664,0.06753752348471664
237,Venta,226.42999267578125,4.71985833430892,1068.717488068294,0.0,68.71748806829385,0.06871748806829385
238,Compra,225.64500427246094,4.73627808208793,0.0,4.73627808208793,68.71748806829385,0.06871748806829385
239,Venta,224.85989379882812,4.73627808208793,1064.9989865400094,0.0,64.99898654000924,0.06499898654000924
240,Compra,225.11500549316406,4.730910692545325,0.0,4.730910692545325,64.99898654000924,0.06499898654000924
241,Venta,225.96499633789062,4.730910692545325,1069.0202173158918,0.0,69.02021731589173,0.06902021731589172
242,Compra,227.05999755859375,4.708095784419388,0.0,4.708095784419388,69.02021731589173,0.06902021731589172
243,Venta,226.7736053466797,4.708095784419388,1067.6718553502888,0.0,67.67185535028864,0.06767185535028863
244,Compra,224.9499969482422,4.746263035495595,0.0,4.746263035495595,67.67185535028864,0.06767185535028863
245,Venta,225.07000732421875,4.746263035495595,1068.2414561616622,0.0,68.24145616166209,0.06824145616166209
246,Compra,226.4300994873047,4.717753772932276,0.0,4.717753772932276,68.24145616166209,0.06824145616166209
247,Venta,227.25999450683594,4.717753772932276,1072.1566965211935,0.0,72.15669652119334,0.07215669652119334
248,Compra,227.97000122070312,4.703060449972158,0.0,4.703060449972158,72.15669652119334,0.07215669652119334
249,Venta,228.6300048828125,4.703060449972158,1075.2607336412968,0.0,75.26073364129672,0.07526073364129672
250,Compra,227.94000244140625,4.717297192789585,0.0,4.717297192789585,75.26073364129672,0.07526073364129672
251,Venta,228.49000549316406,4.717297192789585,1077.8552614933797,0.0,77.85526149337954,0.07785526149337954
252,Compra,228.4832000732422,4.717437698473517,0.0,4.717437698473517,77.85526149337954,0.07785526149337954
253,Venta,228.14999389648438,4.717437698473517,1076.283382113778,0.0,76.28338211377798,0.07628338211377797
254,Compra,228.13999938964844,4.717644363080563,0.0,4.717644363080563,76.28338211377798,0.07628338211377797
255,Venta,229.63999938964844,4.717644363080563,1083.359848658399,0.0,83.35984865839885,0.08335984865839885
256,Compra,226.80999755859375,4.776508356420776,0.0,4.776508356420776,83.35984865839885,0.08335984865839885
257,Venta,227.02999877929688,4.776508356420776,1084.4106863275101,0.0,84.41068632751,0.08441068632751
258,Compra,227.47000122070312,4.767269004739482,0.0,4.767269004739482,84.41068632751,0.08441068632751
259,Venta,226.0800018310547,4.767269004739482,1077.7841853206323,0.0,77.78418532063222,0.07778418532063222
260,Compra,231.4199981689453,4.657264686925671,0.0,4.657264686925671,77.78418532063222,0.07778418532063222
261,Venta,232.4499969482422,4.657264686925671,1082.5811622630283,0.0,82.5811622630282,0.08258116226302821
262,Compra,232.4499969482422,4.657264686925671,0.0,4.657264686925671,82.5811622630282,0.08258116226302821
263,Venta,232.1300048828125,4.657264686925671,1081.0908745166062,0.0,81.09087451660605,0.08109087451660604
264,Compra,230.83599853515625,4.683372096973672,0.0,4.683372096973672,81.09087451660605,0.08109087451660604
265,Venta,230.13999938964844,4.683372096973672,1077.8312515390173,0.0,77.83125153901722,0.07783125153901721
266,Compra,229.80999755859375,4.690097310776077,0.0,4.690097310776077,77.83125153901722,0.07783125153901721
267,Venta,229.19500732421875,4.690097310776077,1074.9468874946215,0.0,74.94688749462136,0.07494688749462136
268,Compra,228.2449951171875,4.709618657542581,0.0,4.709618657542581,74.94688749462136,0.07494688749462136
269,Venta,228.02999877929688,4.709618657542581,1073.9343367303886,0.0,73.93433673038851,0.0739343367303885
270,Compra,221.32000732421875,4.85240512014419,0.0,4.85240512014419,73.93433673038851,0.0739343367303885
271,Venta,221.6199951171875,4.85240512014419,1075.389999032971,0.0,75.38999903297088,0.07538999903297088
272,Compra,221.97000122070312,4.844753764558115,0.0,4.844753764558115,75.38999903297088,0.07538999903297088
273,Venta,222.86000061035156,4.844753764558115,1079.7018269264247,0.0,79.70182692642459,0.0797018269264246
274,Compra,222.07000732421875,4.8619885230610045,0.0,4.8619885230610045,79.70182692642459,0.0797018269264246
275,Venta,221.89999389648438,4.8619885230610045,1078.875223592014,0.0,78.87522359201387,0.07887522359201386
276,Compra,221.92999267578125,4.861331317070554,0.0,4.861331317070554,78.87522359201387,0.07887522359201386
277,Venta,222.6199951171875,4.861331317070554,1082.2295540692774,0.0,82.22955406927724,0.08222955406927725
278,Compra,223.14010620117188,4.850000174749374,0.0,4.850000174749374,82.22955406927724,0.08222955406927725
279,Venta,222.94000244140625,4.850000174749374,1081.2590507994462,0.0,81.25905079944607,0.08125905079944608
280,Compra,222.8699951171875,4.85152364377676,0.0,4.85152364377676,81.25905079944607,0.08125905079944608
281,Venta,222.3699951171875,4.85152364377676,1078.833288977558,0.0,78.8332889775578,0.0788332889775578
282,Compra,223.5449981689453,4.826022938622066,0.0,4.826022938622066,78.8332889775578,0.0788332889775578
283,Venta,223.3101043701172,4.826022938622066,1077.6996861162734,0.0,77.69968611627326,0.07769968611627326
284,Compra,223.58380126953125,4.8201152319487655,0.0,4.8201152319487655,77.69968611627326,0.07769968611627326
285,Venta,223.0,4.8201152319487655,1074.8856967245747,0.0,74.88569672457459,0.07488569672457458
286,Compra,222.53399658203125,4.830208926429569,0.0,4.830208926429569,74.88569672457459,0.07488569672457458
287,Venta,222.4600067138672,4.830208926429569,1074.5283102029032,0.0,74.52831020290307,0.07452831020290307
288,Compra,220.6300048828125,4.870272793465414,0.0,4.870272793465414,74.52831020290307,0.07452831020290307
289,Venta,220.80999755859375,4.870272793465414,1075.4049236347837,0.0,75.40492363478359,0.07540492363478359
290,Compra,221.21009826660156,4.86146397502482,0.0,4.86146397502482,75.40492363478359,0.07540492363478359
291,Venta,221.4073028564453,4.86146397502482,1076.3636266440187,0.0,76.36362664401861,0.0763636266440186
292,Compra,221.5,4.859429465661484,0.0,4.859429465661484,76.36362664401861,0.0763636266440186
293,Venta,220.69000244140625,4.859429465661484,1072.4275006406745,0.0,72.42750064067434,0.07242750064067434
294,Compra,229.4949951171875,4.672988620484114,0.0,4.672988620484114,72.42750064067434,0.07242750064067434
295,Venta,228.49000549316406,4.672988620484114,1067.7311955639084,0.0,67.73119556390827,0.06773119556390828
296,Compra,228.9949951171875,4.662683544753894,0.0,4.662683544753894,67.73119556390827,0.06773119556390828
297,Venta,229.17010498046875,4.662683544753894,1068.547677441954,0.0,68.54767744195385,0.06854767744195385
298,Compra,228.8699951171875,4.66879757171677,0.0,4.66879757171677,68.54767744195385,0.06854767744195385
299,Venta,229.46719360351562,4.66879757171677,1071.3358762847556,0.0,71.3358762847555,0.0713358762847555
300,Compra,228.82000732421875,4.682002630857198,0.0,4.682002630857198,71.3358762847555,0.0713358762847555
301,Venta,230.0345001220703,4.682002630857198,1077.0221347594536,0.0,77.02213475945348,0.07702213475945348
302,Compra,229.77000427246094,4.6873922389030485,0.0,4.6873922389030485,77.02213475945348,0.07702213475945348
303,Venta,231.72999572753906,4.6873922389030485,1086.2093834943032,0.0,86.2093834943031,0.0862093834943031
304,Compra,230.75,4.707299603442268,0.0,4.707299603442268,86.2093834943031,0.0862093834943031
305,Venta,229.77720642089844,4.707299603442268,1081.6301526651673,0.0,81.6301526651672,0.0816301526651672
306,Compra,231.97500610351562,4.662701257490236,0.0,4.662701257490236,81.6301526651672,0.0816301526651672
307,Venta,228.52999877929688,4.662701257490236,1065.5671126824695,0.0,65.56711268246943,0.06556711268246943
308,Compra,228.00999450683594,4.673335109661269,0.0,4.673335109661269,65.56711268246943,0.06556711268246943
309,Venta,228.6533966064453,4.673335109661269,1068.5739463042037,0.0,68.57394630420356,0.06857394630420356
310,Compra,226.94000244140625,4.708618730979786,0.0,4.708618730979786,68.57394630420356,0.06857394630420356
311,Venta,226.74000549316406,4.708618730979786,1067.6322369275717,0.0,67.63223692757163,0.06763223692757163
312,Compra,227.30999755859375,4.696811615830351,0.0,4.696811615830351,67.63223692757163,0.06763223692757163
313,Venta,227.15499877929688,4.696811615830351,1066.9042368605308,0.0,66.90423686053066,0.06690423686053065
314,Compra,227.7050018310547,4.685466846495179,0.0,4.685466846495179,66.90423686053066,0.06690423686053065
315,Venta,227.5749969482422,4.685466846495179,1066.2951032922304,0.0,66.29510329223024,0.06629510329223023
316,Compra,227.6199951171875,4.684540577128388,0.0,4.684540577128388,66.29510329223024,0.06629510329223023
317,Venta,228.95089721679688,4.684540577128388,1072.529768182036,0.0,72.52976818203581,0.07252976818203581
318,Compra,228.1300048828125,4.7013972087230735,0.0,4.7013972087230735,72.52976818203581,0.07252976818203581
319,Venta,228.14999389648438,4.7013972087230735,1072.623744475118,0.0,72.62374447511786,0.07262374447511787
320,Compra,227.9949951171875,4.7045933790072825,0.0,4.7045933790072825,72.62374447511786,0.07262374447511787
321,Venta,227.89500427246094,4.7045933790072825,1072.153328209056,0.0,72.15332820905599,0.07215332820905598
322,Compra,227.80999755859375,4.706348885910038,0.0,4.706348885910038,72.15332820905599,0.07215332820905598
323,Venta,227.82000732421875,4.706348885910038,1072.2004376583536,0.0,72.20043765835351,0.0722004376583535
324,Compra,230.97999572753906,4.641962323538645,0.0,4.641962323538645,72.20043765835351,0.0722004376583535
325,Venta,231.89999389648438,4.641962323538645,1076.4710344963223,0.0,76.4710344963222,0.0764710344963222
326,Compra,232.1199951171875,4.637562713857796,0.0,4.637562713857796,76.4710344963222,0.0764710344963222
327,Venta,231.64500427246094,4.637562713857796,1074.2682346653946,0.0,74.26823466539452,0.07426823466539452
328,Compra,231.00999450683594,4.650310636813618,0.0,4.650310636813618,74.26823466539452,0.07426823466539452
329,Venta,231.22000122070312,4.650310636813618,1075.2448311206936,0.0,75.24483112069345,0.07524483112069345
330,Compra,233.0,4.614784682921432,0.0,4.614784682921432,75.24483112069345,0.07524483112069345
331,Venta,224.9600067138672,4.614784682921432,1038.1419932530566,0.0,38.14199325305651,0.03814199325305651
332,Compra,226.09010314941406,4.59171798673111,0.0,4.59171798673111,38.14199325305651,0.03814199325305651
333,Venta,226.77999877929688,4.59171798673111,1041.3097994257566,0.0,41.30979942575652,0.04130979942575652
334,Compra,225.32000732421875,4.621470644315172,0.0,4.621470644315172,41.30979942575652,0.04130979942575652
335,Venta,225.0601043701172,4.621470644315172,1040.1086655530055,0.0,40.10866555300538,0.04010866555300538
336,Compra,224.82000732421875,4.626406154560069,0.0,4.626406154560069,40.10866555300538,0.04010866555300538
337,Venta,224.74000549316406,4.626406154560069,1039.7385445894379,0.0,39.738544589437765,0.03973854458943776
338,Compra,224.92970275878906,4.622504417322049,0.0,4.622504417322049,39.738544589437765,0.03973854458943776
339,Venta,225.27000427246094,4.622504417322049,1041.3115898396074,0.0,41.311589839607336,0.04131158983960734
340,Compra,225.77999877929688,4.6120630501796755,0.0,4.6120630501796755,41.311589839607336,0.04131158983960734
341,Venta,227.10000610351562,4.6120630501796755,1047.3995468456033,0.0,47.39954684560314,0.047399546845603144
342,Compra,228.19000244140625,4.5900325852993955,0.0,4.5900325852993955,47.39954684560314,0.047399546845603144
343,Venta,228.7100067138672,4.5900325852993955,1049.786383400694,0.0,49.78638340069381,0.04978638340069381
344,Compra,228.86000061035156,4.587024296954454,0.0,4.587024296954454,49.78638340069381,0.04978638340069381
345,Venta,229.6300048828125,4.587024296954454,1053.318411707231,0.0,53.318411707230894,0.053318411707230895
346,Compra,229.07420349121094,4.598153767006962,0.0,4.598153767006962,53.318411707230894,0.053318411707230895
347,Venta,229.50999450683594,4.598153767006962,1055.3222458073549,0.0,55.32224580735476,0.05532224580735476
348,Compra,228.2554931640625,4.6234254044822665,0.0,4.6234254044822665,55.32224580735476,0.05532224580735476
349,Venta,228.2899932861328,4.6234254044822665,1055.4817545481924,0.0,55.48175454819227,0.05548175454819227
350,Compra,228.7100067138672,4.614934736409136,0.0,4.614934736409136,55.48175454819227,0.05548175454819227
351,Venta,228.5,4.614934736409136,1054.5125872694875,0.0,54.512587269487426,0.05451258726948743
352,Compra,228.32000732421875,4.618572851445557,0.0,4.618572851445557,54.512587269487426,0.05451258726948743
353,Venta,228.85499572753906,4.618572851445557,1056.9834701849009,0.0,56.98347018490074,0.05698347018490074
354,Compra,229.02999877929688,4.615043775132075,0.0,4.615043775132075,56.98347018490074,0.05698347018490074
355,Venta,228.75999450683594,4.615043775132075,1055.737388648021,0.0,55.73738864802078,0.05573738864802078
356,Compra,227.97500610351562,4.630934797162136,0.0,4.630934797162136,55.73738864802078,0.05573738864802078
357,Venta,227.83009338378906,4.630934797162136,1055.0663072916877,0.0,55.06630729168762,0.05506630729168762
358,Compra,227.83999633789062,4.630733515844191,0.0,4.630733515844191,55.06630729168762,0.05506630729168762
359,Venta,228.19500732421875,4.630733515844191,1056.7102685645702,0.0,56.71026856457013,0.05671026856457013
360,Compra,228.69000244140625,4.620710382104766,0.0,4.620710382104766,56.71026856457013,0.05671026856457013
361,Venta,227.52000427246094,4.620710382104766,1051.3040458782812,0.0,51.304045878281045,0.051304045878281045
362,Compra,230.68499755859375,4.557314333418024,0.0,4.557314333418024,51.304045878281045,0.051304045878281045
363,Venta,229.69000244140625,4.557314333418024,1046.7695403690416,0.0,46.769540369041465,0.04676954036904146
364,Compra,230.24949645996094,4.546240302206562,0.0,4.546240302206562,46.769540369041465,0.04676954036904146
365,Venta,230.42999267578125,4.546240302206562,1047.5901195397996,0.0,47.5901195397995,0.047590119539799504
366,Compra,230.4600067138672,4.545648221040186,0.0,4.545648221040186,47.5901195397995,0.047590119539799504
367,Venta,231.22259521484375,4.545648221040186,1051.0565786026496,0.0,51.05657860264944,0.051056578602649436
368,Compra,231.3000030517578,4.54412695518839,0.0,4.54412695518839,51.05657860264944,0.051056578602649436
369,Venta,235.82000732421875,4.54412695518839,1071.596051854706,0.0,71.59605185470593,0.07159605185470594
370,Compra,235.431396484375,4.551627641242935,0.0,4.551627641242935,71.59605185470593,0.07159605185470594
371,Venta,234.75999450683594,4.551627641242935,1068.540080055354,0.0,68.540080055354,0.068540080055354
372,Compra,234.02000427246094,4.566020257017396,0.0,4.566020257017396,68.540080055354,0.068540080055354
373,Venta,233.94000244140625,4.566020257017396,1068.17479007416,0.0,68.17479007415989,0.06817479007415989
374,Compra,233.24000549316406,4.579723739139882,0.0,4.579723739139882,68.17479007415989,0.06817479007415989
375,Venta,233.8000030517578,4.579723739139882,1070.7394241871123,0.0,70.73942418711215,0.07073942418711215
376,Compra,230.72970581054688,4.640665667325476,0.0,4.640665667325476,70.73942418711215,0.07073942418711215
377,Venta,230.5850067138672,4.640665667325476,1070.0679240570578,0.0,70.06792405705767,0.07006792405705767
378,Compra,231.75,4.617337320634554,0.0,4.617337320634554,70.06792405705767,0.07006792405705767
379,Venta,232.4001007080078,4.617337320634554,1073.0696583183133,0.0,73.06965831831315,0.07306965831831315
380,Compra,232.25999450683594,4.6201226371196285,0.0,4.6201226371196285,73.06965831831315,0.07306965831831315
381,Venta,232.25,4.6201226371196285,1073.0234824710337,0.0,73.02348247103362,0.07302348247103362
382,Compra,232.3874053955078,4.617390863523002,0.0,4.617390863523002,73.02348247103362,0.07302348247103362
383,Venta,231.5865020751953,4.617390863523002,1069.3253987972575,0.0,69.32539879725744,0.06932539879725744
384,Compra,234.77000427246094,4.554778631584716,0.0,4.554778631584716,69.32539879725744,0.06932539879725744
385,Venta,235.0399932861328,4.554778631584716,1070.555138987493,0.0,70.5551389874928,0.0705551389874928
386,Compra,234.99000549316406,4.5557475380315084,0.0,4.5557475380315084,70.5551389874928,0.0705551389874928
387,Venta,235.24000549316406,4.5557475380315084,1071.6940758720007,0.0,71.69407587200055,0.07169407587200055
388,Compra,235.52999877929688,4.5501383323838525,0.0,4.5501383323838525,71.69407587200055,0.07169407587200055
389,Venta,235.3000030517578,4.5501383323838525,1070.6475634958406,0.0,70.64756349584047,0.07064756349584048
390,Compra,234.97999572753906,4.556334934728929,0.0,4.556334934728929,70.64756349584047,0.07064756349584048
391,Venta,235.6699981689453,4.556334934728929,1073.7914457246682,0.0,73.79144572466805,0.07379144572466804
392,Compra,235.4199981689453,4.561173452027976,0.0,4.561173452027976,73.79144572466805,0.07379144572466804
393,Venta,236.27999877929688,4.561173452027976,1077.7140576773315,0.0,77.71405767733143,0.07771405767733143
394,Compra,236.37010192871094,4.5594347545797875,0.0,4.5594347545797875,77.71405767733143,0.07771405767733143
395,Venta,236.22500610351562,4.5594347545797875,1077.0525027291915,0.0,77.05250272919136,0.07705250272919136
396,Compra,236.13499450683594,4.56117275196164,0.0,4.56117275196164,77.05250272919136,0.07705250272919136
397,Venta,236.5800018310547,4.56117275196164,1079.0822580108415,0.0,79.08225801084143,0.07908225801084143
398,Compra,233.91000366210938,4.61323689075569,0.0,4.61323689075569,79.08225801084143,0.07908225801084143
399,Venta,234.39950561523438,4.61323689075569,1081.3404464790947,0.0,81.34044647909457,0.08134044647909457
400,Compra,234.85000610351562,4.604387559617387,0.0,4.604387559617387,81.34044647909457,0.08134044647909457
401,Venta,235.31320190429688,4.604387559617387,1083.473179461879,0.0,83.47317946187889,0.08347317946187889
402,Compra,235.6999969482422,4.596831537930825,0.0,4.596831537930825,83.47317946187889,0.08347317946187889
403,Venta,235.86000061035156,4.596831537930825,1084.2086893420478,0.0,84.2086893420477,0.0842086893420477
404,Compra,234.72000122070312,4.619157650406559,0.0,4.619157650406559,84.2086893420477,0.0842086893420477
405,Venta,233.5,4.619157650406559,1078.5733113699316,0.0,78.5733113699315,0.07857331136993151
406,Compra,232.7100067138672,4.634838555507891,0.0,4.634838555507891,78.5733113699315,0.07857331136993151
407,Venta,231.8574981689453,4.634838555507891,1074.6220718970278,0.0,74.6220718970277,0.0746220718970277
408,Compra,231.83999633789062,4.635188444063125,0.0,4.635188444063125,74.6220718970277,0.0746220718970277
409,Venta,231.6199951171875,4.635188444063125,1073.602324781145,0.0,73.60232478114483,0.07360232478114483
410,Compra,233.6345977783203,4.595219779049214,0.0,4.595219779049214,73.60232478114483,0.07360232478114483
411,Venta,233.5500030517578,4.595219779049214,1073.2135934204418,0.0,73.21359342044173,0.07321359342044173
412,Compra,234.3101043701172,4.580312899033963,0.0,4.580312899033963,73.21359342044173,0.07321359342044173
413,Venta,234.42999267578125,4.580312899033963,1073.7627193733183,0.0,73.76271937331819,0.07376271937331819
414,Compra,233.9149932861328,4.590397153635445,0.0,4.590397153635445,73.76271937331819,0.07376271937331819
415,Venta,233.97000122070312,4.590397153635445,1074.0152276395972,0.0,74.01522763959713,0.07401522763959713
416,Compra,233.49000549316406,4.599833836018481,0.0,4.599833836018481,74.01522763959713,0.07401522763959713
417,Venta,233.05999755859375,4.599833836018481,1072.0372625924042,0.0,72.03726259240409,0.07203726259240409
418,Compra,233.27000427246094,4.595692729272888,0.0,4.595692729272888,72.03726259240409,0.07203726259240409
419,Venta,233.10000610351562,4.595692729272888,1071.2560032433926,0.0,71.25600324339246,0.07125600324339246
420,Compra,233.88999938964844,4.580170191281828,0.0,4.580170191281828,71.25600324339246,0.07125600324339246
421,Venta,233.97000122070312,4.580170191281828,1071.6224252452373,0.0,71.6224252452372,0.0716224252452372
422,Compra,234.1999969482422,4.575672242566528,0.0,4.575672242566528,71.6224252452372,0.0716224252452372
423,Venta,233.75,4.575672242566528,1069.5633866999258,0.0,69.56338669992567,0.06956338669992568
424,Compra,231.86000061035156,4.612970688710394,0.0,4.612970688710394,69.56338669992567,0.06956338669992568
425,Venta,231.55499267578125,4.612970688710394,1068.156394037929,0.0,68.15639403792886,0.06815639403792886
426,Compra,223.4499969482422,4.780292721531549,0.0,4.780292721531549,68.15639403792886,0.06815639403792886
427,Venta,225.65130615234375,4.780292721531549,1078.6792964041363,0.0,78.67929640413615,0.07867929640413615
428,Compra,224.8000030517578,4.798395381497312,0.0,4.798395381497312,78.67929640413615,0.07867929640413615
429,Venta,224.25999450683594,4.798395381497312,1076.0881218962143,0.0,76.08812189621415,0.07608812189621415
430,Compra,224.1876983642578,4.799942770043509,0.0,4.799942770043509,76.08812189621415,0.07608812189621415
431,Venta,223.85000610351562,4.799942770043509,1074.467218370765,0.0,74.46721837076495,0.07446721837076495
432,Compra,223.62550354003906,4.804761538204371,0.0,4.804761538204371,74.46721837076495,0.07446721837076495
433,Venta,222.6999969482422,4.804761538204371,1070.0203798951447,0.0,70.02037989514463,0.07002037989514463
434,Compra,225.7335968017578,4.7401910706045705,0.0,4.7401910706045705,70.02037989514463,0.07002037989514463
435,Venta,226.30499267578125,4.7401910706045705,1072.728905514971,0.0,72.72890551497096,0.07272890551497097
436,Compra,227.21499633789062,4.721206446777481,0.0,4.721206446777481,72.72890551497096,0.07272890551497097
437,Venta,227.10330200195312,4.721206446777481,1072.2015734960744,0.0,72.20157349607427,0.07220157349607427
438,Compra,227.10000610351562,4.721274965564504,0.0,4.721274965564504,72.20157349607427,0.07220157349607427
439,Venta,227.52999877929688,4.721274965564504,1074.2316871516166,0.0,74.23168715161648,0.07423168715161649
440,Compra,227.69000244140625,4.717957203360562,0.0,4.717957203360562,74.23168715161648,0.07423168715161649
441,Venta,227.4947052001953,4.717957203360562,1073.310283125649,0.0,73.31028312564888,0.07331028312564888
442,Compra,226.68809509277344,4.734744816159801,0.0,4.734744816159801,73.31028312564888,0.07331028312564888
443,Venta,226.8800048828125,4.734744816159801,1074.218927009207,0.0,74.21892700920682,0.07421892700920682
444,Compra,226.9949951171875,4.7323463077000225,0.0,4.7323463077000225,74.21892700920682,0.07421892700920682
445,Venta,227.53990173339844,4.7323463077000225,1076.797613822474,0.0,76.79761382247386,0.07679761382247387
446,Compra,227.47999572753906,4.733592553396181,0.0,4.733592553396181,76.79761382247386,0.07679761382247387
447,Venta,227.16000366210938,4.733592553396181,1075.28290176441,0.0,75.28290176440998,0.07528290176440998
448,Compra,222.80499267578125,4.826116725890104,0.0,4.826116725890104,75.28290176440998,0.07528290176440998
449,Venta,222.77000427246094,4.826116725890104,1075.1140436459336,0.0,75.11404364593352,0.07511404364593352
450,Compra,226.36380004882812,4.749496356811578,0.0,4.749496356811578,75.11404364593352,0.07511404364593352
451,Venta,225.91990661621094,4.749496356811578,1073.0057734049058,0.0,73.00577340490565,0.07300577340490565
452,Compra,225.3701934814453,4.761081120930244,0.0,4.761081120930244,73.00577340490565,0.07300577340490565
453,Venta,225.07000732421875,4.761081120930244,1071.5765627589697,0.0,71.57656275896954,0.07157656275896955
454,Compra,226.57000732421875,4.729560524864871,0.0,4.729560524864871,71.57656275896954,0.07157656275896955
455,Venta,226.4199981689453,4.729560524864871,1070.86708537982,0.0,70.86708537981997,0.07086708537981996
456,Compra,227.0,4.717476147047665,0.0,4.717476147047665,70.86708537981997,0.07086708537981996
457,Venta,228.47279357910156,4.717476147047665,1077.8149539587566,0.0,77.81495395875652,0.07781495395875652
458,Compra,228.52749633789062,4.7163469220576735,0.0,4.7163469220576735,77.81495395875652,0.07781495395875652
459,Venta,227.03500366210938,4.7163469220576735,1070.7758407211422,0.0,70.77584072114212,0.07077584072114211
460,Compra,228.19000244140625,4.692474820390485,0.0,4.692474820390485,70.77584072114212,0.07077584072114211
461,Venta,224.6300048828125,4.692474820390485,1054.0706418167895,0.0,54.07064181678936,0.05407064181678936
462,Compra,225.23500061035156,4.67987053060325,0.0,4.67987053060325,54.07064181678936,0.05407064181678936
463,Venta,224.87240600585938,4.67987053060325,1052.3737460126706,0.0,52.373746012670495,0.052373746012670495
464,Compra,228.10000610351562,4.613650670114781,0.0,4.613650670114781,52.373746012670495,0.052373746012670495
465,Venta,229.05999755859375,4.613650670114781,1056.8028112326963,0.0,56.80281123269617,0.05680281123269617
466,Compra,228.75,4.6199029999243555,0.0,4.6199029999243555,56.80281123269617,0.05680281123269617
467,Venta,228.96719360351562,4.6199029999243555,1057.8062246131426,0.0,57.80622461314249,0.05780622461314249
468,Compra,228.81500244140625,4.622975824690604,0.0,4.622975824690604,57.80622461314249,0.05780622461314249
469,Venta,228.05999755859375,4.622975824690604,1054.3158552923771,0.0,54.31585529237702,0.05431585529237702
470,Compra,227.99000549316406,4.624395060703612,0.0,4.624395060703612,54.31585529237702,0.05431585529237702
471,Venta,228.85000610351562,4.624395060703612,1058.292837867089,0.0,58.292837867088906,0.05829283786708891
472,Compra,229.30999755859375,4.615118612945221,0.0,4.615118612945221,58.292837867088906,0.05829283786708891
473,Venta,229.85499572753906,4.615118612945221,1060.8080690606098,0.0,60.80806906060968,0.06080806906060968
474,Compra,229.55499267578125,4.6211500638492895,0.0,4.6211500638492895,60.80806906060968,0.06080806906060968
475,Venta,229.38999938964844,4.6211500638492895,1060.0456103258623,0.0,60.045610325862185,0.060045610325862184
476,Compra,228.44000244140625,4.6403677070427225,0.0,4.6403677070427225,60.045610325862185,0.060045610325862184
477,Venta,228.33999633789062,4.6403677070427225,1059.5815452326012,0.0,59.581545232601115,0.05958154523260112
478,Compra,226.51499938964844,4.677754444905088,0.0,4.677754444905088,59.581545232601115,0.05958154523260112
479,Venta,226.17999267578125,4.677754444905088,1058.014466087736,0.0,58.01446608773597,0.058014466087735965
480,Compra,229.0,4.620150506933346,0.0,4.620150506933346,58.01446608773597,0.058014466087735965
481,Venta,225.9499969482422,4.620150506933346,1043.9229929420092,0.0,43.922992942009046,0.04392299294200905
482,Compra,229.83999633789062,4.541955314893605,0.0,4.541955314893605,43.922992942009046,0.04392299294200905
483,Venta,229.36000061035156,4.541955314893605,1041.7428737961868,0.0,41.7428737961867,0.0417428737961867
484,Compra,229.27000427246094,4.54373818808934,0.0,4.54373818808934,41.7428737961867,0.0417428737961867
485,Venta,228.50999450683594,4.54373818808934,1038.2895884007958,0.0,38.28958840079565,0.03828958840079565
486,Compra,229.27999877929688,4.528478689500715,0.0,4.528478689500715,38.28958840079565,0.03828958840079565
487,Venta,229.47999572753906,4.528478689500715,1039.1952703188758,0.0,39.195270318875714,0.039195270318875715
488,Compra,229.98500061035156,4.518534980807361,0.0,4.518534980807361,39.195270318875714,0.039195270318875715
489,Venta,230.17999267578125,4.518534980807361,1040.0763487875,0.0,40.076348787499796,0.0400763487874998
490,Compra,229.44000244140625,4.533108166493816,0.0,4.533108166493816,40.076348787499796,0.0400763487874998
491,Venta,229.375,4.533108166493816,1039.7816856895192,0.0,39.78168568951912,0.03978168568951912
492,Compra,229.75999450683594,4.525512319589575,0.0,4.525512319589575,39.78168568951912,0.03978168568951912
493,Venta,232.0,4.525512319589575,1049.9188581447816,0.0,49.91885814478144,0.04991885814478144
494,Compra,231.7100067138672,4.531176158659819,0.0,4.531176158659819,49.91885814478144,0.04991885814478144
495,Venta,230.20680236816406,4.531176158659819,1043.1075744519378,0.0,43.107574451937694,0.04310757445193769
496,Compra,230.4149932861328,4.527082025242129,0.0,4.527082025242129,43.107574451937694,0.04310757445193769
497,Venta,230.68499755859375,4.527082025242129,1044.3299059405342,0.0,44.329905940534104,0.044329905940534105
498,Compra,230.52000427246094,4.530322256571704,0.0,4.530322256571704,44.329905940534104,0.044329905940534105
499,Venta,232.8800048828125,4.530322256571704,1055.0214692311326,0.0,55.02146923113253,0.055021469231132526
500,Compra,234.36000061035156,4.501713033297086,0.0,4.501713033297086,55.02146923113253,0.055021469231132526
501,Venta,235.0399932861328,4.501713033297086,1058.0826011222437,0.0,58.082601122243545,0.058082601122243546
502,Compra,234.47999572753906,4.512464263056853,0.0,4.512464263056853,58.082601122243545,0.058082601122243546
503,Venta,234.50999450683594,4.512464263056853,1058.217969541756,0.0,58.217969541755906,0.058217969541755905
504,Compra,234.92999267578125,4.5043970652234515,0.0,4.5043970652234515,58.217969541755906,0.058217969541755905
505,Venta,234.80999755859375,4.5043970652234515,1057.6774638880554,0.0,57.677463888055286,0.05767746388805529
506,Compra,235.0800018310547,4.499223479878046,0.0,4.499223479878046,57.677463888055286,0.05767746388805529
507,Venta,235.16000366210938,4.499223479878046,1058.03741000477,0.0,58.03741000476987,0.05803741000476987
508,Compra,234.6699981689453,4.5086181372152225,0.0,4.5086181372152225,58.03741000476987,0.05803741000476987
509,Venta,234.57000732421875,4.5086181372152225,1057.5865894686804,0.0,57.586589468680245,0.05758658946868025
510,Compra,234.7801055908203,4.5045834987052285,0.0,4.5045834987052285,57.586589468680245,0.05758658946868025
511,Venta,234.97999572753906,4.5045834987052285,1058.4870112800975,0.0,58.48701128009736,0.05848701128009736
512,Compra,234.84500122070312,4.507172840716973,0.0,4.507172840716973,58.48701128009736,0.05848701128009736
513,Venta,234.99000549316406,4.507172840716973,1059.1405705987213,0.0,59.14057059872118,0.05914057059872118
514,Compra,235.34500122070312,4.50037419577684,0.0,4.50037419577684,59.14057059872118,0.05914057059872118
515,Venta,236.39999389648438,4.50037419577684,1063.8884324135408,0.0,63.88843241354073,0.06388843241354072
516,Compra,236.3699951171875,4.500945358509172,0.0,4.500945358509172,63.88843241354073,0.06388843241354072
517,Venta,240.27000427246094,4.500945358509172,1081.4421605191121,0.0,81.44216051911201,0.081442160519112
518,Compra,239.8300018310547,4.509202986542613,0.0,4.509202986542613,81.44216051911201,0.081442160519112
519,Venta,239.8300018310547,4.509202986542613,1081.4421605191121,0.0,81.44216051911201,0.081442160519112
520,Compra,239.44000244140625,4.5165475672084225,0.0,4.5165475672084225,81.44216051911201,0.081442160519112
521,Venta,239.3300018310547,4.5165475672084225,1080.9453375300372,0.0,80.94533753003714,0.08094533753003713
522,Compra,239.7899932861328,4.507883430482372,0.0,4.507883430482372,80.94533753003714,0.08094533753003713
523,Venta,239.60000610351562,4.507883430482372,1080.0888974575132,0.0,80.0888974575131,0.0800888974575131
524,Compra,240.47000122070312,4.491574383393497,0.0,4.491574383393497,80.0888974575131,0.0800888974575131
525,Venta,241.3300018310547,4.491574383393497,1083.951654168671,0.0,83.95165416867087,0.08395165416867087
526,Compra,241.26499938964844,4.492784518727744,0.0,4.492784518727744,83.95165416867087,0.08395165416867087
527,Venta,241.4199981689453,4.492784518727744,1084.6480302847178,0.0,84.64803028471772,0.08464803028471772
528,Compra,242.14999389648438,4.4792403783763435,0.0,4.4792403783763435,84.64803028471772,0.08464803028471772
529,Venta,242.05320739746094,4.4792403783763435,1084.2145002902105,0.0,84.21450029021037,0.08421450029021037
530,Compra,242.6300048828125,4.468592006227233,0.0,4.468592006227233,84.21450029021037,0.08421450029021037
531,Venta,243.4499969482422,4.468592006227233,1087.8787102789593,0.0,87.87871027895915,0.08787871027895915
532,Compra,242.90499877929688,4.478618043045727,0.0,4.478618043045727,87.87871027895915,0.08787871027895915
533,Venta,242.03990173339844,4.478618043045727,1084.0042710402129,0.0,84.00427104021276,0.08400427104021276
534,Compra,242.25869750976562,4.474573182234318,0.0,4.474573182234318,84.00427104021276,0.08400427104021276
535,Venta,243.07000732421875,4.474573182234318,1087.6345361784483,0.0,87.63453617844823,0.08763453617844823
536,Compra,242.98500061035156,4.476138582408092,0.0,4.476138582408092,87.63453617844823,0.08763453617844823
537,Venta,243.02000427246094,4.476138582408092,1087.7912174209418,0.0,87.79121742094173,0.08779121742094173
538,Compra,242.92999267578125,4.477797102940383,0.0,4.477797102940383,87.79121742094173,0.08779121742094173
539,Venta,242.5500030517578,4.477797102940383,1086.0897009833423,0.0,86.08970098334214,0.08608970098334214
540,Compra,243.36000061035156,4.4628932374236046,0.0,4.4628932374236046,86.08970098334214,0.08608970098334214
541,Venta,242.88499450683594,4.4628932374236046,1083.9697994562275,0.0,83.9697994562274,0.0839697994562274
542,Compra,243.27999877929688,4.455647011243217,0.0,4.455647011243217,83.9697994562274,0.0839697994562274
543,Venta,242.9058074951172,4.455647011243217,1082.3025351792392,0.0,82.30253517923904,0.08230253517923905
544,Compra,243.0800018310547,4.452454035817642,0.0,4.452454035817642,82.30253517923904,0.08230253517923905
545,Venta,243.44000244140625,4.452454035817642,1083.9054213496959,0.0,83.90542134969576,0.08390542134969575
546,Compra,243.58200073242188,4.449858438187231,0.0,4.449858438187231,83.90542134969576,0.08390542134969575
547,Venta,243.60000610351562,4.449858438187231,1083.98554270219,0.0,83.98554270218995,0.08398554270218994
548,Compra,243.26409912109375,4.456002947490398,0.0,4.456002947490398,83.98554270218995,0.08398554270218994
549,Venta,243.16270446777344,4.456002947490398,1083.533727828135,0.0,83.53372782813483,0.08353372782813483
550,Compra,243.0500030517578,4.458069180099517,0.0,4.458069180099517,83.53372782813483,0.08353372782813483
551,Venta,242.86000061035156,4.458069180099517,1082.686683799958,0.0,82.6866837999579,0.0826866837999579
552,Compra,244.50999450683594,4.427985391696079,0.0,4.427985391696079,82.6866837999579,0.0826866837999579
553,Venta,246.47000122070312,4.427985391696079,1091.3655648965882,0.0,91.36556489658813,0.09136556489658812
554,Compra,246.79029846191406,4.422238522739229,0.0,4.422238522739229,91.36556489658813,0.09136556489658812
555,Venta,246.9053955078125,4.422238522739229,1091.8745514868137,0.0,91.87455148681363,0.09187455148681363
556,Compra,246.09500122070312,4.436801016155537,0.0,4.436801016155537,91.87455148681363,0.09187455148681363
557,Venta,246.75999450683594,4.436801016155537,1094.8249943744645,0.0,94.82499437446438,0.09482499437446439
558,Compra,246.80999755859375,4.4359021320218135,0.0,4.4359021320218135,94.82499437446438,0.09482499437446439
559,Venta,246.72999572753906,4.4359021320218135,1094.4701140815234,0.0,94.47011408152332,0.09447011408152332
560,Compra,245.6699981689453,4.4550418131597205,0.0,4.4550418131597205,94.47011408152332,0.09447011408152332
561,Venta,247.07000732421875,4.4550418131597205,1100.707213407073,0.0,100.7072134070728,0.1007072134070728
562,Compra,247.40660095214844,4.448980783742159,0.0,4.448980783742159,100.7072134070728,0.1007072134070728
563,Venta,247.42999267578125,4.448980783742159,1100.811282736014,0.0,100.81128273601382,0.10081128273601382
564,Compra,247.72000122070312,4.443772312738121,0.0,4.443772312738121,100.81128273601382,0.10081128273601382
565,Venta,247.8000030517578,4.443772312738121,1101.1667926578232,0.0,101.16679265782307,0.10116679265782307
566,Compra,249.42999267578125,4.41473289096056,0.0,4.41473289096056,101.16679265782307,0.10116679265782307
567,Venta,250.44000244140625,4.41473289096056,1105.6257159903191,0.0,105.62571599031901,0.105625715990319
568,Compra,249.681396484375,4.428146155692897,0.0,4.428146155692897,105.62571599031901,0.105625715990319
569,Venta,249.10000610351562,4.428146155692897,1103.0512344103597,0.0,103.0512344103596,0.1030512344103596
570,Compra,248.27999877929688,4.44277122536517,0.0,4.44277122536517,103.0512344103596,0.1030512344103596
571,Venta,247.14999389648438,4.44277122536517,1098.0308812324781,0.0,98.03088123247801,0.09803088123247801
572,Compra,246.42999267578125,4.455751791045648,0.0,4.455751791045648,98.03088123247801,0.09803088123247801
573,Venta,247.99000549316406,4.455751791045648,1104.981911137586,0.0,104.98191113758583,0.10498191113758583
574,Compra,248.4709930419922,4.4471263933446,0.0,4.4471263933446,104.98191113758583,0.10498191113758583
575,Venta,248.09280395507812,4.4471263933446,1103.3000564674956,0.0,103.30005646749544,0.10330005646749543
576,Compra,248.52999877929688,4.439303351251628,0.0,4.439303351251628,103.30005646749544,0.10330005646749543
577,Venta,248.02000427246094,4.439303351251628,1101.0360361441788,0.0,101.03603614417864,0.10103603614417864
578,Compra,247.75,4.444141417332709,0.0,4.444141417332709,101.03603614417864,0.10103603614417864
579,Venta,247.9499969482422,4.444141417332709,1101.924850865202,0.0,101.92485086520185,0.10192485086520185
580,Compra,248.1300048828125,4.440917378716943,0.0,4.440917378716943,101.92485086520185,0.10192485086520185
581,Venta,249.05999755859375,4.440917378716943,1106.0548715011585,0.0,106.05487150115835,0.10605487150115835
582,Compra,249.6699981689453,4.430067207164873,0.0,4.430067207164873,106.05487150115835,0.10605487150115835
583,Venta,250.05999755859375,4.430067207164873,1107.7825950080544,0.0,107.78259500805427,0.10778259500805427
584,Compra,251.11000061035156,4.411543117818733,0.0,4.411543117818733,107.78259500805427,0.10778259500805427
585,Venta,250.8000946044922,4.411543117818733,1106.4154313007348,0.0,106.41543130073467,0.10641543130073466
586,Compra,250.69500732421875,4.413392365129275,0.0,4.413392365129275,106.41543130073467,0.10641543130073466
587,Venta,251.02999877929688,4.413392365129275,1107.8938800309602,0.0,107.89388003096008,0.10789388003096008
588,Compra,252.27000427246094,4.391698819786731,0.0,4.391698819786731,107.89388003096008,0.10789388003096008
589,Venta,252.5500030517578,4.391698819786731,1109.12355033954,0.0,109.12355033953997,0.10912355033953998
590,Compra,253.22500610351562,4.3799921951078655,0.0,4.3799921951078655,109.12355033953997,0.10912355033953998
591,Venta,253.1300048828125,4.3799921951078655,1108.7074457343347,0.0,108.70744573433456,0.10870744573433455
592,Compra,253.1999969482422,4.37878143403363,0.0,4.37878143403363,108.70744573433456,0.10870744573433455
593,Venta,252.8800048828125,4.37878143403363,1107.3062704191932,0.0,107.30627041919308,0.10730627041919308
594,Compra,253.47999572753906,4.368416794552167,0.0,4.368416794552167,107.30627041919308,0.10730627041919308
595,Venta,253.07000732421875,4.368416794552167,1105.5152701925572,0.0,105.51527019255707,0.10551527019255706
596,Compra,253.32000732421875,4.3641056301472165,0.0,4.3641056301472165,105.51527019255707,0.10551527019255706
597,Venta,253.63499450683594,4.3641056301472165,1106.889907529641,0.0,106.88990752964094,0.10688990752964093
598,Compra,253.71009826660156,4.362813759058609,0.0,4.362813759058609,106.88990752964094,0.10688990752964093
599,Venta,252.4499969482422,4.362813759058609,1101.3923201600949,0.0,101.39232016009476,0.10139232016009475
600,Compra,249.89999389648438,4.407332321169734,0.0,4.407332321169734,101.39232016009476,0.10139232016009475
601,Venta,247.86000061035156,4.407332321169734,1092.4013918151525,0.0,92.40139181515235,0.09240139181515235
602,Compra,253.73500061035156,4.305284604754627,0.0,4.305284604754627,92.40139181515235,0.09240139181515235
603,Venta,252.8699951171875,4.305284604754627,1088.677296982405,0.0,88.67729698240498,0.08867729698240498
604,Compra,253.6300048828125,4.292383692873479,0.0,4.292383692873479,88.67729698240498,0.08867729698240498
605,Venta,253.49000549316406,4.292383692873479,1088.076365885266,0.0,88.07636588526577,0.08807636588526577
606,Compra,254.58999633789062,4.2738378629817655,0.0,4.2738378629817655,88.07636588526577,0.08807636588526577
607,Venta,254.07000732421875,4.2738378629817655,1085.8540171503005,0.0,85.85401715030036,0.08585401715030036
608,Compra,254.8300018310547,4.261091744880934,0.0,4.261091744880934,85.85401715030036,0.08585401715030036
609,Venta,254.42999267578125,4.261091744880934,1084.149541440888,0.0,84.1495414408879,0.0841495414408879
610,Compra,253.9199981689453,4.269650083722633,0.0,4.269650083722633,84.1495414408879,0.0841495414408879
611,Venta,254.2949981689453,4.269650083722633,1085.750660222284,0.0,85.75066022228395,0.08575066022228396
612,Compra,254.33999633789062,4.268894691576014,0.0,4.268894691576014,85.75066022228395,0.08575066022228396
613,Venta,255.36000061035156,4.268894691576014,1090.1049510463774,0.0,90.10495104637732,0.09010495104637732
614,Compra,257.1050109863281,4.239921061298744,0.0,4.239921061298744,90.10495104637732,0.09010495104637732
615,Venta,257.2929992675781,4.239921061298744,1090.9020065193267,0.0,90.90200651932662,0.09090200651932662
616,Compra,257.3599853515625,4.238817487610273,0.0,4.238817487610273,90.90200651932662,0.09090200651932662
617,Venta,258.3612060546875,4.238817487610273,1095.1459983446905,0.0,95.14599834469038,0.09514599834469038
618,Compra,258.8800048828125,4.2303228433591515,0.0,4.2303228433591515,95.14599834469038,0.09514599834469038
619,Venta,258.9849853515625,4.2303228433591515,1095.5900996197502,0.0,95.59009961975005,0.09559009961975005
620,Compra,258.81890869140625,4.233037320028418,0.0,4.233037320028418,95.59009961975005,0.09559009961975005
621,Venta,258.6000061035156,4.233037320028418,1094.6634767957585,0.0,94.66347679575836,0.09466347679575836
622,Compra,259.1099853515625,4.22470587272239,0.0,4.22470587272239,94.66347679575836,0.09466347679575836
623,Venta,259.1000061035156,4.22470587272239,1094.6213174079294,0.0,94.62131740792927,0.09462131740792927
624,Compra,254.99000549316406,4.2928008699434095,0.0,4.2928008699434095,94.62131740792927,0.09462131740792927
625,Venta,254.72999572753906,4.2928008699434095,1093.5051472598607,0.0,93.50514725986056,0.09350514725986056
